image,dp_pupil,r_pupil,dp_iris,r_iris,dp_eyelid,dist_eyelid,TP,FP,FN,precision,recall,f1
001/L/S1001L03.jpg,1.2,20,1.2,20,1.2,150,1,1,3,0.5,0.25,0.3333333333333333
001/L/S1001L04.jpg,1.2,20,1.2,20,1.2,150,1,1,3,0.5,0.25,0.3333333333333333
001/L/S1001L05.jpg,1.2,20,1.2,20,1.2,150,1,1,3,0.5,0.25,0.3333333333333333
001/L/S1001L06.jpg,1.5,50,1.2,20,1.2,200,1,1,3,0.5,0.25,0.3333333333333333
001/R/S1001R01.jpg,1.2,50,1.2,20,1.2,150,1,1,3,0.5,0.25,0.3333333333333333
001/R/S1001R05.jpg,1.5,50,1.2,20,1.2,150,1,1,3,0.5,0.25,0.3333333333333333
001/R/S1001R09.jpg,1.2,20,1.2,20,1.2,150,1,2,3,0.3333333333333333,0.25,0.28571428571428575
001/R/S1001R10.jpg,1.2,20,1.2,20,1.5,200,1,1,3,0.5,0.25,0.3333333333333333
002/L/S1002L01.jpg,1.2,20,1.2,20,1.2,200,1,2,3,0.3333333333333333,0.25,0.28571428571428575
002/L/S1002L02.jpg,1.2,30,1.2,20,1.2,150,1,2,3,0.3333333333333333,0.25,0.28571428571428575
002/L/S1002L03.jpg,1.2,20,1.2,20,1.2,150,2,2,2,0.5,0.5,0.5
002/L/S1002L04.jpg,1.5,20,1.2,20,1.2,150,1,2,3,0.3333333333333333,0.25,0.28571428571428575
002/L/S1002L06.jpg,1.2,20,1.2,50,1.2,150,1,1,3,0.5,0.25,0.3333333333333333
002/L/S1002L07.jpg,1.2,20,1.2,20,1.5,150,1,2,3,0.3333333333333333,0.25,0.28571428571428575
002/L/S1002L08.jpg,1.2,20,1.2,50,1.2,200,1,1,3,0.5,0.25,0.3333333333333333
002/L/S1002L10.jpg,1.2,20,1.2,20,1.2,200,2,0,2,1.0,0.5,0.6666666666666666
002/R/S1002R04.jpg,1.2,20,1.2,20,1.5,150,2,2,2,0.5,0.5,0.5
002/R/S1002R06.jpg,1.2,20,1.2,20,1.2,200,1,1,3,0.5,0.25,0.3333333333333333
002/R/S1002R07.jpg,1.2,20,1.2,50,1.5,150,3,2,1,0.6,0.75,0.6666666666666665
003/R/S1003R01.jpg,1.2,20,1.2,20,1.2,200,1,1,3,0.5,0.25,0.3333333333333333
003/R/S1003R06.jpg,1.2,20,1.2,20,1.2,200,1,1,3,0.5,0.25,0.3333333333333333
003/R/S1003R07.jpg,1.5,20,1.2,20,1.2,150,2,1,2,0.6666666666666666,0.5,0.5714285714285715
004/R/S1004R01.jpg,1.2,50,1.2,20,1.2,150,1,1,3,0.5,0.25,0.3333333333333333
004/R/S1004R03.jpg,1.2,20,1.2,20,1.2,150,1,1,3,0.5,0.25,0.3333333333333333
004/R/S1004R04.jpg,1.2,20,1.2,30,1.5,150,2,3,2,0.4,0.5,0.4444444444444445
004/R/S1004R07.jpg,1.2,20,1.2,20,1.5,150,2,1,2,0.6666666666666666,0.5,0.5714285714285715
005/R/S1005R01.jpg,1.2,20,1.2,20,1.2,150,2,0,2,1.0,0.5,0.6666666666666666
005/R/S1005R02.jpg,1.2,20,1.2,20,1.2,150,1,1,3,0.5,0.25,0.3333333333333333
005/R/S1005R04.jpg,1.2,20,1.2,20,1.2,150,1,0,3,1.0,0.25,0.4
005/R/S1005R06.jpg,1.2,20,1.2,20,1.2,150,1,1,3,0.5,0.25,0.3333333333333333
005/R/S1005R07.jpg,1.2,20,1.2,30,1.2,200,2,1,2,0.6666666666666666,0.5,0.5714285714285715
006/R/S1006R01.jpg,1.2,20,1.2,20,1.2,200,1,1,3,0.5,0.25,0.3333333333333333
006/R/S1006R03.jpg,1.2,20,1.2,20,1.2,150,1,1,3,0.5,0.25,0.3333333333333333
006/R/S1006R04.jpg,1.2,20,1.2,20,1.2,150,1,1,3,0.5,0.25,0.3333333333333333
006/R/S1006R06.jpg,1.2,20,1.2,20,1.2,150,1,1,3,0.5,0.25,0.3333333333333333
006/R/S1006R07.jpg,1.2,20,1.2,20,1.2,150,1,1,3,0.5,0.25,0.3333333333333333
007/L/S1007L01.jpg,1.2,50,1.2,20,1.2,150,1,1,3,0.5,0.25,0.3333333333333333
007/L/S1007L03.jpg,1.2,20,1.5,30,1.2,150,1,1,3,0.5,0.25,0.3333333333333333
007/L/S1007L04.jpg,1.2,50,1.2,20,1.2,150,1,1,3,0.5,0.25,0.3333333333333333
007/L/S1007L06.jpg,1.2,20,1.2,20,1.2,200,1,1,3,0.5,0.25,0.3333333333333333
007/L/S1007L08.jpg,1.2,20,1.2,20,1.2,150,1,1,3,0.5,0.25,0.3333333333333333
007/L/S1007L09.jpg,1.2,50,1.2,20,1.2,150,1,1,3,0.5,0.25,0.3333333333333333
007/L/S1007L10.jpg,1.2,50,1.2,30,1.2,150,2,1,2,0.6666666666666666,0.5,0.5714285714285715
007/R/S1007R01.jpg,1.2,20,1.2,30,1.5,200,1,1,3,0.5,0.25,0.3333333333333333
007/R/S1007R02.jpg,1.2,20,1.2,20,1.2,200,1,0,3,1.0,0.25,0.4
007/R/S1007R03.jpg,1.2,20,1.2,30,1.2,150,1,1,3,0.5,0.25,0.3333333333333333
007/R/S1007R04.jpg,1.2,30,1.2,20,1.2,150,1,1,3,0.5,0.25,0.3333333333333333
007/R/S1007R05.jpg,1.2,20,1.2,20,1.2,200,2,1,2,0.6666666666666666,0.5,0.5714285714285715
007/R/S1007R06.jpg,1.2,30,1.2,20,1.2,200,2,1,2,0.6666666666666666,0.5,0.5714285714285715
007/R/S1007R07.jpg,1.2,20,1.2,20,1.2,200,2,2,2,0.5,0.5,0.5
007/R/S1007R08.jpg,1.2,20,1.2,20,1.2,150,1,1,3,0.5,0.25,0.3333333333333333
007/R/S1007R09.jpg,1.2,20,1.2,20,1.2,150,1,2,3,0.3333333333333333,0.25,0.28571428571428575
007/R/S1007R10.jpg,1.2,20,1.5,20,1.2,150,2,0,2,1.0,0.5,0.6666666666666666
008/L/S1008L01.jpg,1.2,50,1.2,20,1.2,200,1,0,3,1.0,0.25,0.4
008/L/S1008L07.jpg,1.2,20,1.2,20,1.2,200,1,0,3,1.0,0.25,0.4
008/L/S1008L10.jpg,1.2,50,1.2,20,1.2,200,1,0,3,1.0,0.25,0.4
008/R/S1008R02.jpg,1.2,50,1.2,20,1.5,200,1,0,3,1.0,0.25,0.4
008/R/S1008R03.jpg,1.2,20,1.2,20,1.2,200,1,0,3,1.0,0.25,0.4
008/R/S1008R05.jpg,1.2,50,1.5,50,1.2,200,1,1,3,0.5,0.25,0.3333333333333333
008/R/S1008R06.jpg,1.2,20,1.2,30,1.2,150,1,1,3,0.5,0.25,0.3333333333333333
008/R/S1008R08.jpg,1.2,50,1.2,20,1.2,200,1,0,3,1.0,0.25,0.4
009/L/S1009L01.jpg,1.2,20,1.2,20,1.2,150,1,1,3,0.5,0.25,0.3333333333333333
009/R/S1009R01.jpg,1.2,20,1.2,30,1.2,200,2,1,2,0.6666666666666666,0.5,0.5714285714285715
009/R/S1009R04.jpg,1.2,20,1.2,20,1.5,200,2,1,2,0.6666666666666666,0.5,0.5714285714285715
010/R/S1010R01.jpg,1.2,20,1.2,20,1.2,200,1,1,3,0.5,0.25,0.3333333333333333
010/R/S1010R05.jpg,1.2,20,1.2,20,1.2,150,1,1,3,0.5,0.25,0.3333333333333333
011/L/S1011L03.jpg,1.2,20,1.2,20,1.2,150,1,0,3,1.0,0.25,0.4
011/R/S1011R10.jpg,1.2,50,1.2,20,1.5,150,1,0,3,1.0,0.25,0.4
012/R/S1012R02.jpg,1.2,20,1.5,20,1.2,150,1,1,3,0.5,0.25,0.3333333333333333
012/R/S1012R05.jpg,1.2,20,1.2,20,1.2,150,1,1,3,0.5,0.25,0.3333333333333333
012/R/S1012R06.jpg,1.2,30,1.2,20,1.2,200,1,1,3,0.5,0.25,0.3333333333333333
013/L/S1013L03.jpg,1.5,20,1.2,30,1.2,150,2,1,2,0.6666666666666666,0.5,0.5714285714285715
013/L/S1013L07.jpg,1.2,20,1.2,20,1.2,150,1,1,3,0.5,0.25,0.3333333333333333
014/L/S1014L02.jpg,1.5,20,1.2,20,1.2,200,1,1,3,0.5,0.25,0.3333333333333333
014/L/S1014L06.jpg,1.2,50,1.2,20,1.2,150,1,1,3,0.5,0.25,0.3333333333333333
014/L/S1014L07.jpg,1.2,30,1.2,20,1.2,150,1,1,3,0.5,0.25,0.3333333333333333
015/R/S1015R02.jpg,1.2,20,1.2,20,1.2,150,1,1,3,0.5,0.25,0.3333333333333333
015/R/S1015R03.jpg,1.2,20,1.2,20,1.2,150,1,1,3,0.5,0.25,0.3333333333333333
016/L/S1016L02.jpg,1.2,50,1.2,20,1.2,150,1,1,3,0.5,0.25,0.3333333333333333
016/L/S1016L04.jpg,1.2,20,1.2,20,1.2,150,1,1,3,0.5,0.25,0.3333333333333333
017/R/S1017R04.jpg,1.2,20,1.5,30,1.2,150,2,1,2,0.6666666666666666,0.5,0.5714285714285715
018/R/S1018R02.jpg,1.2,20,1.2,20,1.5,200,1,1,3,0.5,0.25,0.3333333333333333
019/L/S1019L01.jpg,1.2,20,1.2,20,1.2,200,1,1,3,0.5,0.25,0.3333333333333333
019/L/S1019L07.jpg,1.5,20,1.2,20,1.2,200,1,1,3,0.5,0.25,0.3333333333333333
019/L/S1019L09.jpg,1.2,20,1.2,20,1.2,200,1,0,3,1.0,0.25,0.4
019/L/S1019L13.jpg,1.5,30,1.2,20,1.2,150,1,2,3,0.3333333333333333,0.25,0.28571428571428575
019/L/S1019L14.jpg,1.2,20,1.2,20,1.2,200,1,2,3,0.3333333333333333,0.25,0.28571428571428575
019/R/S1019R07.jpg,1.2,20,1.2,20,1.2,200,1,1,3,0.5,0.25,0.3333333333333333
019/R/S1019R12.jpg,1.2,20,1.2,20,1.2,200,1,1,3,0.5,0.25,0.3333333333333333
019/R/S1019R18.jpg,1.2,20,1.2,20,1.2,150,2,1,2,0.6666666666666666,0.5,0.5714285714285715
019/R/S1019R20.jpg,1.5,30,1.2,20,1.2,200,1,1,3,0.5,0.25,0.3333333333333333
019/R/S1019R21.jpg,1.2,20,1.2,20,1.5,150,2,2,2,0.5,0.5,0.5
019/R/S1019R22.jpg,1.5,20,1.2,20,1.5,150,2,3,2,0.4,0.5,0.4444444444444445
019/R/S1019R24.jpg,1.2,20,1.2,20,1.5,200,1,0,3,1.0,0.25,0.4
019/R/S1019R26.jpg,1.2,20,1.2,20,1.5,200,1,1,3,0.5,0.25,0.3333333333333333
020/L/S1020L01.jpg,1.2,30,1.2,20,1.2,150,1,2,3,0.3333333333333333,0.25,0.28571428571428575
020/R/S1020R01.jpg,1.2,20,1.2,20,1.5,200,1,0,3,1.0,0.25,0.4
020/R/S1020R03.jpg,1.2,20,1.2,30,1.5,200,1,0,3,1.0,0.25,0.4
020/R/S1020R04.jpg,1.2,20,1.2,20,1.5,200,1,0,3,1.0,0.25,0.4
020/R/S1020R05.jpg,1.2,20,1.2,20,1.5,200,1,1,3,0.5,0.25,0.3333333333333333
021/L/S1021L01.jpg,1.2,30,1.2,20,1.2,150,1,1,3,0.5,0.25,0.3333333333333333
021/L/S1021L02.jpg,1.2,20,1.2,30,1.2,150,2,1,2,0.6666666666666666,0.5,0.5714285714285715
021/L/S1021L04.jpg,1.2,20,1.2,20,1.2,150,1,1,3,0.5,0.25,0.3333333333333333
021/L/S1021L06.jpg,1.2,20,1.2,20,1.2,200,2,1,2,0.6666666666666666,0.5,0.5714285714285715
021/R/S1021R02.jpg,1.2,30,1.2,50,1.2,150,2,1,2,0.6666666666666666,0.5,0.5714285714285715
022/L/S1022L01.jpg,1.2,20,1.2,20,1.2,150,1,0,3,1.0,0.25,0.4
024/R/S1024R01.jpg,1.2,30,1.2,30,1.5,150,3,0,1,1.0,0.75,0.8571428571428571
024/R/S1024R02.jpg,1.2,50,1.2,20,1.2,150,2,0,2,1.0,0.5,0.6666666666666666
025/L/S1025L01.jpg,1.2,20,1.2,20,1.2,150,2,1,2,0.6666666666666666,0.5,0.5714285714285715
025/L/S1025L02.jpg,1.2,20,1.2,20,1.2,150,2,0,2,1.0,0.5,0.6666666666666666
025/L/S1025L03.jpg,1.2,20,1.2,20,1.5,150,2,1,2,0.6666666666666666,0.5,0.5714285714285715
025/L/S1025L04.jpg,1.2,20,1.2,20,1.2,150,1,1,3,0.5,0.25,0.3333333333333333
025/L/S1025L05.jpg,1.2,20,1.2,20,1.2,150,1,1,3,0.5,0.25,0.3333333333333333
026/R/S1026R01.jpg,1.2,20,1.2,20,1.2,150,1,0,3,1.0,0.25,0.4
026/R/S1026R02.jpg,1.2,20,1.2,20,1.2,200,1,0,3,1.0,0.25,0.4
028/L/S1028L01.jpg,1.2,20,1.5,20,1.2,200,1,1,3,0.5,0.25,0.3333333333333333
028/L/S1028L02.jpg,1.2,20,1.2,20,1.2,200,2,1,2,0.6666666666666666,0.5,0.5714285714285715
028/L/S1028L03.jpg,1.2,20,1.2,20,1.2,150,1,1,3,0.5,0.25,0.3333333333333333
028/L/S1028L05.jpg,1.2,50,1.2,20,1.2,150,2,1,2,0.6666666666666666,0.5,0.5714285714285715
028/L/S1028L06.jpg,1.2,50,1.2,30,1.2,200,2,1,2,0.6666666666666666,0.5,0.5714285714285715
028/L/S1028L07.jpg,1.2,20,1.2,20,1.2,150,2,1,2,0.6666666666666666,0.5,0.5714285714285715
028/L/S1028L08.jpg,1.2,20,1.2,20,1.2,200,1,0,3,1.0,0.25,0.4
028/L/S1028L10.jpg,1.2,20,1.2,50,1.2,150,2,1,2,0.6666666666666666,0.5,0.5714285714285715
028/L/S1028L11.jpg,1.2,20,1.2,20,1.2,200,2,1,2,0.6666666666666666,0.5,0.5714285714285715
028/L/S1028L12.jpg,1.2,20,1.2,20,1.2,150,2,1,2,0.6666666666666666,0.5,0.5714285714285715
028/R/S1028R01.jpg,1.2,20,1.2,20,1.2,200,2,1,2,0.6666666666666666,0.5,0.5714285714285715
028/R/S1028R03.jpg,1.2,20,1.2,20,1.2,150,1,1,3,0.5,0.25,0.3333333333333333
028/R/S1028R04.jpg,1.2,20,1.2,20,1.5,200,1,0,3,1.0,0.25,0.4
028/R/S1028R05.jpg,1.2,20,1.2,20,1.5,200,2,0,2,1.0,0.5,0.6666666666666666
028/R/S1028R06.jpg,1.2,20,1.2,20,1.5,200,1,0,3,1.0,0.25,0.4
028/R/S1028R07.jpg,1.2,20,1.2,20,1.2,200,1,1,3,0.5,0.25,0.3333333333333333
028/R/S1028R08.jpg,1.2,30,1.2,20,1.2,150,1,1,3,0.5,0.25,0.3333333333333333
028/R/S1028R09.jpg,1.5,50,1.2,20,1.2,200,1,1,3,0.5,0.25,0.3333333333333333
028/R/S1028R10.jpg,1.2,20,1.2,20,1.2,150,1,1,3,0.5,0.25,0.3333333333333333
029/L/S1029L09.jpg,1.2,20,1.2,20,1.2,150,1,1,3,0.5,0.25,0.3333333333333333
029/R/S1029R01.jpg,1.2,20,1.2,20,1.2,150,1,1,3,0.5,0.25,0.3333333333333333
029/R/S1029R02.jpg,1.2,20,1.2,20,1.2,150,1,1,3,0.5,0.25,0.3333333333333333
029/R/S1029R03.jpg,1.2,20,1.2,20,1.2,200,1,1,3,0.5,0.25,0.3333333333333333
029/R/S1029R04.jpg,1.2,20,1.2,20,1.2,150,1,1,3,0.5,0.25,0.3333333333333333
029/R/S1029R05.jpg,1.2,20,1.2,50,1.2,150,1,1,3,0.5,0.25,0.3333333333333333
029/R/S1029R06.jpg,1.2,20,1.2,20,1.2,150,1,1,3,0.5,0.25,0.3333333333333333
029/R/S1029R07.jpg,1.2,30,1.2,20,1.2,150,1,1,3,0.5,0.25,0.3333333333333333
029/R/S1029R08.jpg,1.2,20,1.2,20,1.2,150,1,1,3,0.5,0.25,0.3333333333333333
029/R/S1029R09.jpg,1.5,20,1.2,20,1.2,150,1,1,3,0.5,0.25,0.3333333333333333
029/R/S1029R10.jpg,1.2,20,1.2,20,1.2,150,1,1,3,0.5,0.25,0.3333333333333333
030/L/S1030L01.jpg,1.2,20,1.2,30,1.2,150,1,1,3,0.5,0.25,0.3333333333333333
030/L/S1030L02.jpg,1.2,20,1.5,20,1.2,150,2,0,2,1.0,0.5,0.6666666666666666
030/L/S1030L03.jpg,1.2,20,1.2,20,1.2,200,1,1,3,0.5,0.25,0.3333333333333333
030/L/S1030L05.jpg,1.2,20,1.2,30,1.2,150,1,1,3,0.5,0.25,0.3333333333333333
030/L/S1030L06.jpg,1.2,20,1.2,20,1.2,200,1,1,3,0.5,0.25,0.3333333333333333
030/L/S1030L07.jpg,1.2,20,1.2,30,1.2,200,1,1,3,0.5,0.25,0.3333333333333333
030/L/S1030L08.jpg,1.2,20,1.2,30,1.2,150,1,1,3,0.5,0.25,0.3333333333333333
030/L/S1030L09.jpg,1.2,20,1.2,30,1.2,150,1,1,3,0.5,0.25,0.3333333333333333
030/L/S1030L10.jpg,1.2,20,1.2,20,1.2,150,1,2,3,0.3333333333333333,0.25,0.28571428571428575
030/R/S1030R01.jpg,1.2,20,1.2,20,1.2,200,1,1,3,0.5,0.25,0.3333333333333333
030/R/S1030R07.jpg,1.2,20,1.2,30,1.2,150,1,0,3,1.0,0.25,0.4
030/R/S1030R08.jpg,1.2,30,1.2,20,1.2,150,1,1,3,0.5,0.25,0.3333333333333333
030/R/S1030R09.jpg,1.2,20,1.2,20,1.2,200,1,0,3,1.0,0.25,0.4
030/R/S1030R10.jpg,1.2,20,1.2,20,1.2,150,1,1,3,0.5,0.25,0.3333333333333333
032/L/S1032L01.jpg,1.2,30,1.2,20,1.5,200,2,1,2,0.6666666666666666,0.5,0.5714285714285715
032/L/S1032L03.jpg,1.2,20,1.2,20,1.2,200,1,1,3,0.5,0.25,0.3333333333333333
032/L/S1032L04.jpg,1.2,30,1.2,20,1.2,150,1,1,3,0.5,0.25,0.3333333333333333
032/L/S1032L05.jpg,1.2,20,1.2,30,1.5,200,1,1,3,0.5,0.25,0.3333333333333333
033/L/S1033L01.jpg,1.2,30,1.2,50,1.2,150,2,1,2,0.6666666666666666,0.5,0.5714285714285715
033/L/S1033L02.jpg,1.2,20,1.2,20,1.2,150,1,0,3,1.0,0.25,0.4
033/L/S1033L03.jpg,1.5,20,1.2,50,1.2,200,2,1,2,0.6666666666666666,0.5,0.5714285714285715
033/L/S1033L05.jpg,1.2,20,1.2,50,1.2,150,3,0,1,1.0,0.75,0.8571428571428571
034/R/S1034R01.jpg,1.2,20,1.2,20,1.2,150,1,1,3,0.5,0.25,0.3333333333333333
034/R/S1034R02.jpg,1.2,20,1.2,20,1.2,150,1,1,3,0.5,0.25,0.3333333333333333
034/R/S1034R04.jpg,1.2,30,1.2,20,1.2,150,1,1,3,0.5,0.25,0.3333333333333333
035/L/S1035L01.jpg,1.2,20,1.5,30,1.2,150,1,1,3,0.5,0.25,0.3333333333333333
035/L/S1035L02.jpg,1.2,30,1.2,20,1.2,150,1,0,3,1.0,0.25,0.4
035/L/S1035L03.jpg,1.2,20,1.2,30,1.2,150,1,1,3,0.5,0.25,0.3333333333333333
036/L/S1036L03.jpg,1.2,30,1.2,20,1.5,200,1,0,3,1.0,0.25,0.4
036/L/S1036L04.jpg,1.2,50,1.2,20,1.2,150,1,0,3,1.0,0.25,0.4
036/L/S1036L06.jpg,1.2,20,1.2,20,1.2,150,1,0,3,1.0,0.25,0.4
036/L/S1036L08.jpg,1.2,30,1.2,20,1.5,200,1,0,3,1.0,0.25,0.4
036/L/S1036L09.jpg,1.2,20,1.2,20,1.5,200,1,0,3,1.0,0.25,0.4
036/R/S1036R01.jpg,1.2,30,1.2,20,1.2,200,1,1,3,0.5,0.25,0.3333333333333333
036/R/S1036R02.jpg,1.2,50,1.2,20,1.5,200,1,1,3,0.5,0.25,0.3333333333333333
036/R/S1036R03.jpg,1.2,50,1.5,20,1.5,200,1,0,3,1.0,0.25,0.4
036/R/S1036R04.jpg,1.2,30,1.2,20,1.5,150,1,0,3,1.0,0.25,0.4
036/R/S1036R05.jpg,1.2,30,1.2,20,1.5,200,2,0,2,1.0,0.5,0.6666666666666666
036/R/S1036R06.jpg,1.2,20,1.2,20,1.2,150,1,0,3,1.0,0.25,0.4
036/R/S1036R07.jpg,1.2,50,1.2,50,1.5,200,2,0,2,1.0,0.5,0.6666666666666666
036/R/S1036R09.jpg,1.2,20,1.2,20,1.5,200,1,0,3,1.0,0.25,0.4
036/R/S1036R10.jpg,1.2,20,1.2,20,1.5,150,1,1,3,0.5,0.25,0.3333333333333333
037/R/S1037R01.jpg,1.2,20,1.2,20,1.5,200,1,1,3,0.5,0.25,0.3333333333333333
037/R/S1037R02.jpg,1.2,20,1.2,20,1.2,150,1,1,3,0.5,0.25,0.3333333333333333
037/R/S1037R03.jpg,1.2,30,1.2,20,1.2,150,1,1,3,0.5,0.25,0.3333333333333333
038/L/S1038L01.jpg,1.2,30,1.2,20,1.2,150,1,1,3,0.5,0.25,0.3333333333333333
038/L/S1038L03.jpg,1.2,50,1.2,50,1.2,150,1,1,3,0.5,0.25,0.3333333333333333
039/L/S1039L01.jpg,1.2,30,1.2,20,1.2,150,2,1,2,0.6666666666666666,0.5,0.5714285714285715
039/L/S1039L02.jpg,1.2,20,1.2,30,1.2,150,3,0,1,1.0,0.75,0.8571428571428571
039/L/S1039L04.jpg,1.5,20,1.2,20,1.2,150,2,1,2,0.6666666666666666,0.5,0.5714285714285715
039/L/S1039L05.jpg,1.2,20,1.2,20,1.2,150,1,0,3,1.0,0.25,0.4
040/L/S1040L01.jpg,1.2,20,1.2,20,1.2,150,1,1,3,0.5,0.25,0.3333333333333333
040/L/S1040L04.jpg,1.2,20,1.2,20,1.5,200,1,0,3,1.0,0.25,0.4
041/L/S1041L01.jpg,1.2,20,1.2,20,1.5,200,2,0,2,1.0,0.5,0.6666666666666666
041/L/S1041L02.jpg,1.2,20,1.2,20,1.2,150,1,1,3,0.5,0.25,0.3333333333333333
041/L/S1041L03.jpg,1.2,30,1.2,20,1.2,150,1,1,3,0.5,0.25,0.3333333333333333
041/L/S1041L04.jpg,1.2,30,1.2,20,1.5,200,2,0,2,1.0,0.5,0.6666666666666666
041/L/S1041L05.jpg,1.2,20,1.2,20,1.2,150,1,1,3,0.5,0.25,0.3333333333333333
042/L/S1042L01.jpg,1.2,20,1.2,20,1.2,150,1,1,3,0.5,0.25,0.3333333333333333
042/L/S1042L02.jpg,1.2,20,1.2,20,1.2,150,1,1,3,0.5,0.25,0.3333333333333333
042/L/S1042L03.jpg,1.2,20,1.2,20,1.2,150,1,1,3,0.5,0.25,0.3333333333333333
042/L/S1042L04.jpg,1.2,20,1.2,20,1.2,150,1,1,3,0.5,0.25,0.3333333333333333
042/L/S1042L05.jpg,1.2,20,1.2,50,1.2,150,2,1,2,0.6666666666666666,0.5,0.5714285714285715
042/L/S1042L06.jpg,1.2,20,1.2,20,1.5,200,2,0,2,1.0,0.5,0.6666666666666666
042/L/S1042L07.jpg,1.2,20,1.2,20,1.2,150,1,1,3,0.5,0.25,0.3333333333333333
042/L/S1042L08.jpg,1.2,20,1.2,50,1.2,150,2,0,2,1.0,0.5,0.6666666666666666
042/L/S1042L09.jpg,1.2,20,1.2,50,1.2,150,2,1,2,0.6666666666666666,0.5,0.5714285714285715
042/L/S1042L10.jpg,1.2,20,1.2,50,1.2,150,2,1,2,0.6666666666666666,0.5,0.5714285714285715
042/R/S1042R01.jpg,1.2,20,1.2,50,1.2,200,3,0,1,1.0,0.75,0.8571428571428571
042/R/S1042R03.jpg,1.2,20,1.2,20,1.2,150,3,0,1,1.0,0.75,0.8571428571428571
042/R/S1042R04.jpg,1.2,20,1.2,20,1.2,150,1,2,3,0.3333333333333333,0.25,0.28571428571428575
042/R/S1042R05.jpg,1.2,20,1.2,30,1.2,150,3,0,1,1.0,0.75,0.8571428571428571
042/R/S1042R06.jpg,1.2,20,1.2,30,1.2,200,1,1,3,0.5,0.25,0.3333333333333333
042/R/S1042R07.jpg,1.2,20,1.2,20,1.2,150,2,1,2,0.6666666666666666,0.5,0.5714285714285715
042/R/S1042R08.jpg,1.2,20,1.2,30,1.2,150,3,0,1,1.0,0.75,0.8571428571428571
042/R/S1042R09.jpg,1.2,20,1.2,20,1.2,150,2,1,2,0.6666666666666666,0.5,0.5714285714285715
042/R/S1042R10.jpg,1.2,20,1.2,30,1.2,150,3,0,1,1.0,0.75,0.8571428571428571
043/L/S1043L01.jpg,1.2,20,1.2,20,1.2,150,1,2,3,0.3333333333333333,0.25,0.28571428571428575
043/L/S1043L04.jpg,1.2,20,1.2,20,1.2,150,1,0,3,1.0,0.25,0.4
043/L/S1043L05.jpg,1.5,20,1.2,20,1.2,150,1,1,3,0.5,0.25,0.3333333333333333
043/L/S1043L06.jpg,1.2,20,1.2,50,1.5,200,2,0,2,1.0,0.5,0.6666666666666666
043/L/S1043L07.jpg,1.2,20,1.2,20,1.2,150,1,1,3,0.5,0.25,0.3333333333333333
043/L/S1043L10.jpg,1.2,20,1.2,20,1.2,150,1,1,3,0.5,0.25,0.3333333333333333
043/R/S1043R01.jpg,1.2,20,1.2,20,1.2,150,1,1,3,0.5,0.25,0.3333333333333333
043/R/S1043R02.jpg,1.2,20,1.2,20,1.5,200,1,0,3,1.0,0.25,0.4
043/R/S1043R03.jpg,1.2,20,1.2,20,1.2,150,1,1,3,0.5,0.25,0.3333333333333333
043/R/S1043R04.jpg,1.2,20,1.2,50,1.5,200,2,0,2,1.0,0.5,0.6666666666666666
043/R/S1043R05.jpg,1.2,20,1.2,20,1.2,150,2,0,2,1.0,0.5,0.6666666666666666
043/R/S1043R06.jpg,1.2,20,1.2,20,1.2,150,1,1,3,0.5,0.25,0.3333333333333333
043/R/S1043R07.jpg,1.2,20,1.2,20,1.2,150,1,1,3,0.5,0.25,0.3333333333333333
043/R/S1043R09.jpg,1.2,30,1.2,20,1.2,150,1,1,3,0.5,0.25,0.3333333333333333
045/L/S1045L06.jpg,1.2,20,1.5,20,1.2,150,1,1,3,0.5,0.25,0.3333333333333333
045/L/S1045L08.jpg,1.2,30,1.2,20,1.2,150,1,0,3,1.0,0.25,0.4
045/L/S1045L11.jpg,1.5,20,1.2,20,1.2,150,1,2,3,0.3333333333333333,0.25,0.28571428571428575
045/R/S1045R01.jpg,1.2,20,1.2,20,1.2,150,1,0,3,1.0,0.25,0.4
045/R/S1045R05.jpg,1.2,20,1.2,20,1.2,150,1,1,3,0.5,0.25,0.3333333333333333
045/R/S1045R07.jpg,1.2,20,1.2,20,1.2,150,1,1,3,0.5,0.25,0.3333333333333333
046/R/S1046R01.jpg,1.2,20,1.2,20,1.2,200,1,1,3,0.5,0.25,0.3333333333333333
046/R/S1046R02.jpg,1.2,20,1.2,20,1.2,150,2,0,2,1.0,0.5,0.6666666666666666
046/R/S1046R03.jpg,1.2,30,1.2,20,1.2,200,1,1,3,0.5,0.25,0.3333333333333333
046/R/S1046R04.jpg,1.2,20,1.2,20,1.2,200,2,0,2,1.0,0.5,0.6666666666666666
048/R/S1048R02.jpg,1.2,20,1.2,20,1.2,150,1,0,3,1.0,0.25,0.4
048/R/S1048R03.jpg,1.2,20,1.2,20,1.2,150,1,0,3,1.0,0.25,0.4
048/R/S1048R04.jpg,1.2,50,1.2,20,1.2,150,1,0,3,1.0,0.25,0.4
048/R/S1048R05.jpg,1.2,20,1.2,30,1.2,150,1,0,3,1.0,0.25,0.4
048/R/S1048R06.jpg,1.2,20,1.2,20,1.5,150,1,1,3,0.5,0.25,0.3333333333333333
049/L/S1049L01.jpg,1.2,20,1.2,20,1.2,200,1,0,3,1.0,0.25,0.4
049/L/S1049L02.jpg,1.2,20,1.2,50,1.2,150,1,1,3,0.5,0.25,0.3333333333333333
049/L/S1049L03.jpg,1.2,20,1.2,20,1.5,200,1,1,3,0.5,0.25,0.3333333333333333
050/L/S1050L01.jpg,1.2,30,1.2,20,1.2,150,1,1,3,0.5,0.25,0.3333333333333333
050/L/S1050L05.jpg,1.2,20,1.2,20,1.5,150,1,2,3,0.3333333333333333,0.25,0.28571428571428575
051/R/S1051R01.jpg,1.2,20,1.2,50,1.2,200,2,1,2,0.6666666666666666,0.5,0.5714285714285715
051/R/S1051R03.jpg,1.2,20,1.2,20,1.2,150,1,1,3,0.5,0.25,0.3333333333333333
051/R/S1051R04.jpg,1.5,20,1.2,20,1.2,200,1,1,3,0.5,0.25,0.3333333333333333
051/R/S1051R05.jpg,1.2,20,1.2,20,1.2,150,1,1,3,0.5,0.25,0.3333333333333333
052/L/S1052L02.jpg,1.2,50,1.5,20,1.2,150,1,1,3,0.5,0.25,0.3333333333333333
053/L/S1053L01.jpg,1.2,50,1.2,20,1.5,200,1,1,3,0.5,0.25,0.3333333333333333
